{
    "trains": [
        {
            "id": "573",
            "name": "Train 573"
        },
        {
            "id": "774",
            "name": "Train 774"
        },
        {
            "id": "815",
            "name": "Train 815"
        },
        {
            "id": "944",
            "name": "Train 944"
        },
        {
            "id": "2006",
            "name": "Train 2006"
        },
        {
            "id": "2199",
            "name": "Train 2199"
        },
        {
            "id": "27",
            "name": "Train 27"
        }
    ]
}