{
    "trains": [
        {
            "id": "1",
            "name": "Train 1"
        },
        {
            "id": "9",
            "name": "Train 9"
        },
        {
            "id": "27",
            "name": "Train 27"
        },
        {
            "id": "347",
            "name": "Train 347"
        },
        {
            "id": "415",
            "name": "Train 415"
        },
        {
            "id": "428",
            "name": "Train 428"
        },
        {
            "id": "573",
            "name": "Train 573"
        },
        {
            "id": "774",
            "name": "Train 774"
        },
        {
            "id": "815",
            "name": "Train 815"
        },
        {
            "id": "944",
            "name": "Train 944"
        },
        {
            "id": "2006",
            "name": "Train 2006"
        },
        {
            "id": "2199",
            "name": "Train 2199"
        },
        {
            "id": "4900",
            "name": "Train 4900"
        }
    ]
}